{
  "config_name": "custom",
  "hidden_size": 128,
  "state_size": 64,
  "num_layers": 2,
  "num_strands": 6,
  "top_k": 3,
  "layer_specs": [
    {
      "name": "layer",
      "num_strands": 6,
      "top_k": 3
    },
    {
      "name": "layer",
      "num_strands": 6,
      "top_k": 3
    }
  ],
  "strand_ids": [
    [
      0,
      1,
      2,
      3,
      4,
      5
    ],
    [
      6,
      7,
      8,
      9,
      10,
      11
    ]
  ],
  "vocab_capacity": 31104,
  "vocab_size": 20026,
  "parameter_count": 10157888,
  "active_parameter_count": 4420736,
  "cortex_entries": 0,
  "cortex_dim": 128,
  "cortex_max_entries": 100000,
  "cortex_top_k": 8,
  "genome_latent_dim": 256,
  "genome_rank": 32,
  "genome_encoder_hidden": 512,
  "genome_max_strands": 12,
  "losses": [
    5.2880988121032715,
    6.368342399597168,
    5.785102844238281,
    6.2833404541015625,
    6.101694107055664,
    5.27126932144165,
    5.988297462463379,
    5.773303985595703,
    5.9451446533203125,
    5.744110584259033,
    7.7207441329956055,
    5.5330963134765625,
    5.634006500244141,
    5.8164448738098145,
    5.737279415130615,
    6.345104694366455,
    6.3076324462890625,
    5.330599784851074,
    7.046265602111816,
    5.829896450042725,
    5.1928558349609375,
    4.850434303283691,
    5.984609127044678,
    5.595856666564941,
    5.7861008644104,
    6.295829772949219,
    5.373881816864014,
    9.280777931213379,
    5.428002834320068,
    6.812976360321045,
    5.6693878173828125,
    5.760509014129639,
    6.996759414672852,
    5.495284080505371,
    5.4049859046936035,
    5.72550630569458,
    6.91057014465332,
    4.707710266113281,
    7.654178142547607,
    5.447568893432617,
    5.784397602081299,
    6.856673240661621,
    6.180592060089111,
    6.283902645111084,
    6.582019329071045,
    5.289767742156982,
    7.259303569793701,
    7.255555152893066,
    5.453004360198975,
    5.7896037101745605,
    5.949845314025879,
    7.396992206573486,
    5.002682209014893,
    4.725646495819092,
    5.047812461853027,
    5.573122501373291,
    5.203864574432373,
    5.125631809234619,
    5.529140472412109,
    4.756096839904785,
    7.756788730621338,
    5.606640338897705,
    6.222719192504883,
    5.513624668121338,
    6.145227432250977,
    5.2290778160095215,
    5.250944137573242,
    5.84883451461792,
    5.779879570007324,
    5.434168815612793,
    5.121558666229248,
    7.762929916381836,
    4.798734188079834,
    4.689932346343994,
    7.114995956420898,
    6.688834190368652,
    4.928747653961182,
    4.245185852050781,
    6.264043807983398,
    5.116294860839844,
    6.249612331390381,
    5.789653301239014,
    4.971413612365723,
    5.095767021179199,
    8.63748836517334,
    6.417288780212402,
    6.189916610717773,
    5.690333843231201,
    5.736455917358398,
    5.582025051116943,
    9.141881942749023,
    4.940495014190674,
    6.0554609298706055,
    5.407451629638672,
    5.522602081298828,
    5.490652084350586,
    6.9017333984375,
    6.642409801483154,
    6.112794876098633,
    5.743625164031982,
    6.54121208190918,
    5.196997165679932,
    8.326260566711426,
    6.059873580932617,
    6.680103778839111,
    5.491888046264648,
    5.767102241516113,
    5.639163494110107,
    5.262293338775635,
    6.476198673248291,
    5.6627888679504395,
    6.151539325714111,
    5.262080192565918,
    5.357607841491699,
    5.662614822387695,
    6.0156779289245605,
    6.594837188720703,
    6.161380290985107,
    5.490774631500244,
    5.742669105529785,
    6.261013984680176,
    7.353163719177246,
    7.044538497924805,
    5.406953811645508,
    5.736661434173584,
    5.719446182250977,
    4.777716636657715,
    6.163679599761963,
    6.961794376373291,
    5.32592248916626,
    5.923194408416748,
    5.351205348968506,
    4.943008899688721,
    7.259533405303955,
    5.9600043296813965,
    6.3223700523376465,
    6.86991548538208,
    7.235384941101074,
    5.311274528503418,
    6.283122539520264,
    6.864742279052734,
    4.944552898406982,
    6.68194055557251,
    5.06879997253418,
    6.81598424911499,
    4.851945400238037,
    6.849393844604492,
    5.626071453094482,
    6.0267181396484375,
    5.798746109008789,
    5.119044303894043,
    6.584849834442139,
    5.331032752990723,
    6.239075183868408,
    4.961519241333008,
    4.826502323150635,
    6.965915203094482,
    6.9996843338012695,
    7.309734344482422,
    4.487553119659424,
    8.139406204223633,
    6.204163551330566,
    7.301398754119873,
    5.258007526397705,
    7.003464698791504,
    5.149814605712891,
    4.749728679656982,
    6.572932243347168,
    4.759439468383789,
    6.67466402053833,
    5.678613185882568,
    5.757895469665527,
    5.853687286376953,
    5.969062805175781,
    4.384152889251709,
    6.8011298179626465,
    5.585044860839844,
    7.83567476272583,
    5.204158782958984,
    6.145455360412598,
    5.163553237915039,
    5.886639595031738,
    5.471726894378662,
    6.1015496253967285,
    5.417255401611328,
    5.631986618041992,
    4.703250408172607,
    7.021461486816406,
    5.020540714263916,
    5.286862850189209,
    5.677944183349609,
    6.69865083694458,
    5.944133281707764,
    5.3654069900512695,
    5.27677059173584,
    7.106086730957031,
    5.398106575012207,
    5.252195835113525,
    4.625800609588623,
    7.836700439453125,
    5.988738536834717,
    7.302814483642578,
    5.482802391052246,
    6.449942588806152,
    5.775420188903809,
    7.450893878936768,
    5.101616859436035,
    5.121125221252441,
    6.027832984924316,
    5.807106971740723,
    5.654146671295166,
    7.192924976348877,
    5.319504737854004,
    6.221871852874756,
    5.276301860809326,
    6.205498695373535,
    6.486926078796387,
    5.8850417137146,
    5.735340118408203,
    6.021060943603516,
    6.2667236328125,
    5.332537651062012,
    5.638918876647949,
    6.638694763183594,
    5.380786418914795,
    5.198973655700684,
    6.536921501159668,
    5.963374137878418,
    5.805999755859375,
    7.020900249481201,
    6.916402339935303,
    4.838870525360107,
    6.335019588470459,
    7.213476181030273,
    4.819033145904541,
    6.828845024108887,
    5.9363508224487305,
    5.031196117401123,
    6.476198196411133,
    4.860915184020996,
    7.498462677001953,
    6.544878959655762,
    6.392036437988281,
    5.6858062744140625,
    6.536308288574219,
    5.328094005584717,
    5.975749969482422,
    6.501150131225586,
    5.408971309661865,
    5.699611663818359,
    4.736055374145508,
    6.951341152191162,
    5.3114471435546875,
    6.752410888671875,
    5.916661262512207,
    7.290988922119141,
    5.2056565284729,
    5.635305881500244,
    5.895811080932617,
    5.532402038574219,
    5.163370132446289,
    6.281267166137695,
    4.502175807952881,
    7.369515419006348,
    4.859428405761719,
    5.260598182678223,
    6.427231311798096,
    8.2213716506958,
    4.885096549987793,
    5.453016757965088,
    5.3219685554504395,
    7.917944431304932,
    5.489011764526367,
    6.678524017333984,
    5.824955463409424,
    5.786459445953369,
    8.6033353805542,
    4.730413436889648,
    6.516805171966553,
    5.978264331817627,
    5.84401798248291,
    6.327658176422119,
    5.066319942474365,
    4.749868869781494,
    5.816256523132324,
    6.7764668464660645,
    5.213293075561523,
    5.15032958984375,
    5.851276874542236,
    5.53812837600708,
    5.094597339630127,
    5.381921768188477,
    7.150381088256836,
    6.912395000457764,
    5.522131443023682,
    6.522812366485596,
    5.330130100250244,
    7.20143461227417,
    5.617543697357178,
    5.991418838500977,
    5.692215919494629,
    6.978639125823975,
    5.694408893585205,
    5.169266223907471,
    4.849149703979492,
    6.242300033569336,
    5.886691093444824,
    4.895053863525391,
    5.417723178863525,
    6.643827438354492,
    5.5756731033325195,
    7.659912109375,
    4.963052749633789,
