{
  "benchmark_meta": {
    "model_path": null,
    "model_mtime": null,
    "metadata_mtime": null,
    "config_name": "seed",
    "train_step": null,
    "train_final_loss": null,
    "train_best_loss": null,
    "vocab_size": 563,
    "vocab_capacity": 4096,
    "eval_data": "built_in_smoke_set",
    "eval_samples": 10,
    "tokenizer_growth_allowed": false
  },
  "perplexity": 23092725711525.07,
  "compression": {
    "npdna_total": 1099552,
    "npdna_active": 431264,
    "dense_equivalent": 589888,
    "compression_ratio": 0.5364803119816071,
    "active_ratio": 2.549603027379981
  },
  "strand_utilization": {
    "layer_0": {
      "usage_percent": {
        "0": 25.269733106189662,
        "1": 8.631459398069278,
        "2": 11.243611584327088,
        "3": 11.641113003975013,
        "4": 6.303236797274275,
        "5": 14.480408858603067,
        "6": 15.559341283361727,
        "7": 6.871095968199886
      },
      "dead_strands": [],
      "overloaded_strands": [],
      "utilization_score": 1.0
    },
    "layer_1": {
      "usage_percent": {
        "0": 10.732538330494037,
        "1": 19.307211811470758,
        "2": 8.233957978421351,
        "3": 12.549687677455989,
        "4": 13.515048268029528,
        "5": 13.57183418512209,
        "6": 10.90289608177172,
        "7": 11.186825667234526
      },
      "dead_strands": [],
      "overloaded_strands": [],
      "utilization_score": 1.0
    },
    "layer_2": {
      "usage_percent": {
        "0": 19.875070982396366,
        "1": 7.268597387847814,
        "2": 5.6785917092561045,
        "3": 10.448608745031231,
        "4": 16.013628620102217,
        "5": 9.880749574105621,
        "6": 8.461101646791596,
        "7": 22.373651334469052
      },
      "dead_strands": [],
      "overloaded_strands": [],
      "utilization_score": 1.0
    },
    "layer_3": {
      "usage_percent": {
        "0": 9.540034071550256,
        "1": 19.33560477001704,
        "2": 17.88756388415673,
        "3": 26.320272572402043,
        "4": 15.587734241908008,
        "5": 11.328790459965928
      },
      "dead_strands": [],
      "overloaded_strands": [],
      "utilization_score": 1.0
    },
    "layer_4": {
      "usage_percent": {
        "0": 12.350936967632027,
        "1": 21.976149914821125,
        "2": 4.514480408858603,
        "3": 12.350936967632027,
        "4": 30.664395229982965,
        "5": 18.143100511073254
      },
      "dead_strands": [],
      "overloaded_strands": [],
      "utilization_score": 1.0
    }
  },
  "generation_speed": {
    "tokens_generated": 50,
    "time_seconds": 20.641,
    "tokens_per_second": 2.4
  },
  "memory": {
    "rss_mb": 246.7,
    "param_memory_mb": 4.2,
    "total_params": 1099552
  }
}