{
  "benchmark_meta": {
    "model_path": null,
    "model_mtime": null,
    "metadata_mtime": null,
    "config_name": "seed",
    "train_step": null,
    "train_final_loss": null,
    "train_best_loss": null,
    "vocab_size": 563,
    "vocab_capacity": 4096,
    "eval_data": "built_in_smoke_set",
    "eval_samples": 10,
    "tokenizer_growth_allowed": false
  },
  "perplexity": 29002301469022.43,
  "compression": {
    "npdna_total": 1099552,
    "npdna_active": 431264,
    "dense_equivalent": 589888,
    "compression_ratio": 0.5364803119816071,
    "active_ratio": 2.549603027379981
  },
  "strand_utilization": {
    "layer_0": {
      "usage_percent": {
        "0": 10.221465076660987,
        "1": 20.442930153321974,
        "2": 11.98182850653038,
        "3": 12.43611584327087,
        "4": 12.43611584327087,
        "5": 16.808631459398068,
        "6": 9.085746734809767,
        "7": 6.587166382737081
      },
      "dead_strands": [],
      "overloaded_strands": [],
      "utilization_score": 1.0
    },
    "layer_1": {
      "usage_percent": {
        "0": 9.483248154457694,
        "1": 15.843270868824533,
        "2": 11.754684838160136,
        "3": 13.798977853492334,
        "4": 11.641113003975013,
        "5": 21.521862578080636,
        "6": 10.221465076660987,
        "7": 5.735377626348666
      },
      "dead_strands": [],
      "overloaded_strands": [],
      "utilization_score": 1.0
    },
    "layer_2": {
      "usage_percent": {
        "0": 13.231118682566724,
        "1": 14.253265190232822,
        "2": 9.142532651902329,
        "3": 17.603634298693922,
        "4": 17.88756388415673,
        "5": 9.312890403180011,
        "6": 14.366837024417944,
        "7": 4.202157864849517
      },
      "dead_strands": [],
      "overloaded_strands": [],
      "utilization_score": 1.0
    },
    "layer_3": {
      "usage_percent": {
        "0": 5.195911413969336,
        "1": 20.18739352640545,
        "2": 15.417376490630325,
        "3": 20.017035775127766,
        "4": 26.14991482112436,
        "5": 13.032367972742758
      },
      "dead_strands": [],
      "overloaded_strands": [],
      "utilization_score": 1.0
    },
    "layer_4": {
      "usage_percent": {
        "0": 18.99488926746167,
        "1": 13.884156729131176,
        "2": 5.706984667802385,
        "3": 9.19931856899489,
        "4": 29.471890971039183,
        "5": 22.7427597955707
      },
      "dead_strands": [],
      "overloaded_strands": [],
      "utilization_score": 1.0
    }
  },
  "generation_speed": {
    "tokens_generated": 50,
    "time_seconds": 20.02,
    "tokens_per_second": 2.5
  },
  "memory": {
    "rss_mb": 262.6,
    "param_memory_mb": 4.2,
    "total_params": 1099552
  }
}