{
  "config_name": "custom",
  "hidden_size": 128,
  "state_size": 64,
  "num_layers": 2,
  "num_strands": 8,
  "top_k": 2,
  "vocab_capacity": 9216,
  "vocab_size": 6269,
  "parameter_count": 7326016,
  "active_parameter_count": 1577216,
  "cortex_entries": 0,
  "losses": [
    3.716768264770508,
    4.104820728302002,
    4.021389007568359,
    3.482666492462158,
    4.1962761878967285,
    4.201210975646973,
    3.422614097595215,
    3.2069296836853027,
    3.1341471672058105,
    3.33009672164917,
    3.3198862075805664,
    3.318058490753174,
    3.2934019565582275,
    3.176166296005249,
    3.183915853500366,
    4.646050930023193,
    3.2358016967773438,
    3.083296298980713,
    7.087396621704102,
    9.049553871154785,
    8.844573020935059,
    8.58325481414795,
    3.331239700317383,
    3.2351579666137695,
    3.1571433544158936,
    3.1529102325439453,
    3.1704282760620117,
    3.093371868133545,
    3.029742479324341,
    3.0940937995910645,
    3.344123601913452,
    3.265381097793579,
    3.1084635257720947,
    3.2221128940582275,
    3.0440330505371094,
    3.2296040058135986,
    7.769969463348389,
    7.205554485321045,
    7.820577621459961,
    2.9698965549468994,
    3.140167236328125,
    3.285916328430176,
    4.514515399932861,
    4.601412296295166,
    3.0069375038146973,
    2.999708652496338,
    3.0430104732513428,
    3.2187821865081787,
    3.0989272594451904,
    2.941823959350586,
    3.0811398029327393,
    3.0895445346832275,
    2.9854369163513184,
    3.1816511154174805,
    3.3521406650543213,
    3.9516355991363525,
    3.0702426433563232,
    2.9726979732513428,
    3.1785309314727783,
    3.112287759780884,
    3.145995855331421,
    3.1796045303344727,
    3.0036332607269287,
    3.13342547416687,
    3.120060443878174,
    3.1413333415985107,
    3.186264991760254,
    5.212918281555176,
    5.95118522644043,
    5.781544208526611,
    5.7877020835876465,
    3.3259499073028564,
    3.1842401027679443,
    3.1257972717285156,
    3.130561351776123,
    3.101445198059082,
    3.5703673362731934,
    3.223541498184204,
    3.082841634750366,
    3.5207936763763428,
    3.4336049556732178,
    3.1901068687438965,
    3.5680477619171143,
    3.4239284992218018,
    3.4781429767608643,
    5.105432033538818,
    5.419534683227539,
    6.262738227844238,
    3.2850475311279297,
    3.4934394359588623,
    3.377953052520752,
    3.2586588859558105,
    3.2220640182495117,
    3.1553235054016113,
    3.2137911319732666,
    3.327826738357544,
    3.3136889934539795,
    3.3467628955841064,
    3.007711887359619,
    3.111589193344116,
    3.096520185470581,
    3.148024082183838,
    3.127120018005371,
    3.344982147216797,
    3.235114574432373,
    3.2315616607666016,
    3.137261152267456,
    3.288578510284424,
    3.177947759628296,
    3.114607095718384,
    3.1973347663879395,
    3.042969226837158,
    3.191040277481079,
    3.21005916595459,
    3.4558520317077637,
    3.359323501586914,
    5.654354095458984,
    5.486190319061279,
    5.293790340423584,
    5.079345703125,
    3.3995463848114014,
    3.1937804222106934,
    5.773900985717773,
    3.321470022201538,
    3.3113017082214355,
    3.0124635696411133,
    2.9906365871429443,
    2.9735496044158936,
    3.3200464248657227,
    3.0481207370758057,
    5.353487014770508,
    5.550119400024414,
    4.925327301025391,
    3.773665428161621,
    5.0135369300842285,
    4.912199020385742,
    5.095773220062256,
    3.7273054122924805,
    3.9009287357330322,
    4.421553611755371,
    3.818743944168091,
    3.6419899463653564,
    3.3534140586853027,
    3.2187907695770264,
    3.310718297958374,
    3.2124123573303223,
    3.259493827819824,
    2.8337299823760986,
    3.0167722702026367,
    3.034440755844116,
    3.4225218296051025,
    3.1539268493652344,
    3.2742631435394287,
    2.9746217727661133,
    2.9831087589263916,
    2.940767526626587,
    3.1817145347595215,
    3.22637677192688,
    3.123321533203125,
    3.1847572326660156,
    2.956637144088745,
    3.145782709121704,
    3.1165289878845215,
    3.253408908843994,
    3.0378077030181885,
    4.433016777038574,
    4.997563362121582,
    5.1538543701171875,
    4.9879679679870605,
    3.1947028636932373,
    3.084200859069824,
    2.977297306060791,
    2.916029214859009,
    2.915679931640625,
    2.9389939308166504,
    2.8828537464141846,
    2.982516288757324,
    3.2021102905273438,
    3.197680711746216,
    2.894925594329834,
    6.648257732391357,
    5.868517875671387,
    6.190700054168701,
    6.657173156738281,
    6.312969207763672,
    7.882202625274658,
    4.291011333465576,
    3.0948050022125244,
    6.109596252441406,
    6.3343682289123535,
    3.325042963027954,
    3.119572401046753,
    2.957883834838867,
    2.974978446960449,
    3.0585694313049316,
    3.155884027481079,
    3.1438584327697754,
    3.2428367137908936,
    3.226811647415161,
    3.094886302947998,
    3.0276613235473633,
    3.628988265991211,
    3.369504928588867,
    3.384237051010132,
    2.9333670139312744,
    3.0194430351257324,
    3.153421640396118,
    3.153653860092163,
    3.163466215133667,
    3.215834856033325,
    3.2873833179473877,
    3.3099400997161865,
    3.5411908626556396,
    3.3824803829193115,
    4.480301856994629,
    5.150205612182617,
    5.62166690826416,
    5.0400519371032715,
    3.580491304397583,
    3.1106560230255127,
    3.191134452819824,
    2.9896230697631836,
    2.985166549682617,
    3.159566640853882,
    2.936704158782959,
    3.121403455734253,
    3.1354055404663086,
    3.077996253967285,
    2.7572033405303955,
    3.0901951789855957,
    2.8649725914001465,
    3.5033884048461914,
    4.71910285949707,
    4.477972984313965,
    4.808128356933594,
    2.8970894813537598,
    3.1960325241088867,
    3.2394628524780273,
    3.0447402000427246,
    3.254868745803833,
    3.0990190505981445,
    3.119502067565918,
    3.2302892208099365,
    3.188886880874634,
    3.519451856613159,
    3.0474820137023926,
    3.439563035964966,
    3.0495481491088867,
    3.1166975498199463,
    3.1869897842407227,
    3.1684534549713135,
    3.0237486362457275,
    3.0082716941833496,
    2.8517727851867676,
    3.030437469482422,
    3.0666496753692627,
    3.020332098007202,
    3.0490474700927734,
    2.9418115615844727,
    3.1669392585754395,
    2.976602554321289,
    4.928852558135986,
    3.070453405380249,
    4.361818313598633,
    4.777294635772705,
    4.707393646240234,
    4.62319278717041,
    5.099482536315918,
    5.098484992980957,
    5.070158004760742,
    5.297127723693848,
    4.891791820526123,
    3.3109185695648193,
    3.1297922134399414,
    3.4409940242767334,
    5.034595012664795,
    4.588404655456543,
    4.293018341064453,
    5.128146648406982,
    4.292436599731445,
    4.7033162117004395,
    5.445957183837891,
    5.516541957855225,
    5.3802080154418945,
    4.5223002433776855,
    4.176432132720947,
    3.4273293018341064,
    3.2977259159088135,
    3.349881172180176,
    3.2130866050720215,
    3.2163517475128174,
    3.5398733615875244,
    3.4892783164978027,
    3.275923252105713,
    3.708979368209839,
    3.8469021320343018,
    3.347487688064575,
    3.263899087905884,
    3.168456792831421,
    3.479830503463745
  ],
  "saved_at": 1779158287.0844631
}