{
  "phase": "training",
  "time": 1779158399.015119,
  "step": 460,
  "max_steps": 1000,
  "loss": 4.337036609649658,
  "avg_loss": 3.4013031721115112
}